{
	"schemaVersion": 1,
	"id": "bottlements",
	"version": "${version}",
	"name": "Bottlements",
	"description": "This is an example description! Tell everyone what your mod is about!",
	"authors": [
		"Me!"
	],
	"contact": {
		"homepage": "https://fabricmc.net/",
		"sources": "https://github.com/FabricMC/fabric-example-mod"
	},
	"license": "CC0-1.0",
	"icon": "assets/bottlements/icon.png",
	"environment": "*",
	"entrypoints": {
		"main": [
			"de.nikjo.bottlements.Bottlements"
		],
		"fabric-datagen": [
			"de.nikjo.bottlements.BottlementsDataGenerator"
		]
	},
	"mixins": [
		"bottlements.mixins.json"
	],
	"depends": {
		"fabricloader": ">=0.16.10",
		"minecraft": "~1.21",
		"java": ">=21",
		"fabric-api": "*"
	},
	"suggests": {
		"another-mod": "*"
	}
}